/bytariq/file_129532308.png,cheems
/bytariq/file_129532309.png,"buon, sad, khoc, cry"
/bytariq/file_129532310.png,"buon, sad"
/bytariq/file_129532311.png,"cobap, swole"
/bytariq/file_129532312.png,"thieunang, retard"
/bytariq/file_129532313.png,dog
/bytariq/file_129532314.png,"khoc, buon, sad, cry, om, hug"
/bytariq/file_129532315.png,"khautrang, mask"
/bytariq/file_129532316.png,joker
/bytariq/file_129532317.png,"tommy, smoke, peakyblinders"
/bytariq/file_129532318.png,"buon, sad, khoc, cry, catco, slash"
/bytariq/file_129532319.png,"aaaa, panic, daudon"
/bytariq/file_129532320.png,"tucgian, angry"
/bytariq/file_129532321.png,"metmoi, tired, buon, sad"
/bytariq/file_129532322.png,"daigai, simp"
/bytariq/file_129532323.png,pharaoh
/bytariq/file_129532324.png,"matna, mask, joker"
/bytariq/file_129532325.png,"sung, gun, tucgian, angry"
/bytariq/file_129532326.png,"metmoi, tired"
/bytariq/file_129532327.png,"sung, gun, ak, rifle, tucgian, angry"
/bytariq/file_129532328.png,"cochuyengi, whatsup"
/bytariq/file_129532329.png,"metmoi, tired, buon, sad"
/bytariq/file_129532330.png,"cungthu, archer"
/bytariq/file_129532331.png,"thieunang, retard"
/bytariq/file_129532332.png,"buon, sad, khoc, cry, meu, tears"
/bytariq/file_129532333.png,"chim, bird"
/bytariq/file_129532334.png,"hehe, hihi, cuoigianxao, smile"
/bytariq/file_129532335.png,"ngaytho, naive, dethuong, cute"
/bytariq/file_129532336.png,"what, caigi"
/bytariq/file_129532337.png,breakingbad
/bytariq/file_129532338.png,"saobien, starfish, om, hug"
/bytariq/file_129532339.png,"hehe, hihi, cuoigianxao, smile, cao, fox"
/bytariq/file_129532340.png,"cool, glass"
/bytariq/file_129532341.png,"khautrang, mask"
/bytariq/file_129532342.png,"mulen, beanie"
/bytariq/file_129532343.png,"dethuong, cute, bowtie"
/bytariq/file_129532344.png,"thatim, tim, heart, love"
/bytariq/file_129532345.png,"haha, laugh"
/bytariq/file_129532346.png,"tanghoa, flower"
/bytariq/file_129532347.png,"caigi, caideogi, wtf, confused, loading, math"
/bytariq/file_129532348.png,"tramcam, depressed, buon, sad, smoke, thuocla"
/bytariq/file_129532349.png,"dethuong, cute, baby, blush"
/bytariq/file_129532350.png,"haha, laugh"
/bytariq/file_129532351.png,"nhaymat, wink"
/bytariq/file_129532352.png,"you, chinhlamay, haha, laugh"
/bytariq/file_129532353.png,"dedoa, threatening, aaaa, can"
/bytariq/file_129532354.png,"laiday, denday, comehere"
/bytariq/file_129532355.png,"thatim, tim, heart, love"
/bytariq/file_129532356.png,"xucxich, sausage"
/bytariq/file_129532357.png,"deobietnoigi, speechless"
/bytariq/file_129532358.png,minecraft
/bytariq/file_129532359.png,"phe, blush, kimochi, orgasm"
/bytariq/file_129532360.png,"metmoi, tired, buon, sad, tramcam, depressed"
/bytariq/file_129532361.png,"deobietnoigi, speechless"
/bytariq/file_129532362.png,minecraft
/bytariq/file_129532363.png,"beo, fat, cute, dethuong, doge"
/bytariq/file_129532364.png,"deobietnoigi, speechless, nocomment"
/bytariq/file_129532365.png,"cheems, crowd"
/bytariq/file_129532366.png,"happy, vuive, hanhphuc"
/bytariq/file_129532367.png,"happy, vuive, hanhphuc"
/bytariq/file_129532368.png,"wtfdidisee, what, caideogiday, metmoi, tired"
/bytariq/file_129532369.png,whoaskedyouropinion
/bytariq/file_129532370.png,"sutu, lion"
/bytariq/file_129532371.png,"gumball, watterson"
/bytariq/file_129532372.png,bonk
/bytariq/file_129532373.png,"symmetric, doixung"
/bytariq/file_129532374.png,"iloveyou, yeu"
/bytariq/file_129532375.png,"imdangerous, taonguyhiem"
/bytariq/file_129532376.png,"cool, glass"
/bytariq/file_129532377.png,"cool, glass"
/bytariq/file_129532378.png,"guitar, acoustic, nhacsi"
/bytariq/file_129532379.png,"buon, sad, music, amnhac, tainghe, headphone, tramcam, depressed"
/bytariq/file_129532380.png,"khoaitay, potato"
/bytariq/file_129532381.png,"quyong, gentlemen"
/bytariq/file_129532382.png,"banhmi, bread"
/bytariq/file_129532383.png,viruss
/bytariq/file_129532384.png,"trigger, tucgian, angry"
/bytariq/file_129532385.png,"khautrang, mask"
/bytariq/file_129532386.png,"bacsi, doctor"
/bytariq/file_129532387.png,"hawk, mochim, matna, mask"
/bytariq/file_129532388.png,"ngu, sleep"
/bytariq/file_129532389.png,hoodie
/bytariq/file_129532390.png,"dao, knife, gietnguoi, murder"
/bytariq/file_129532391.png,"nonla, xuehau, leafhat"
/bytariq/file_129532392.png,"ech, frog"
/bytariq/file_129532394.png,"om, hug"
/bytariq/file_129532396.png,"moon, mattrang"
/bytariq/file_129532398.png,"doge, muvang, yellowhat"
/bytariq/file_129532400.png,hacker
/bytariq/file_129532403.png,"doge, what"
/bytariq/file_129532406.png,"hocbai, study"
/bytariq/file_129532408.png,"buon, sad, khoc, cry, meu, tears"
/bytariq/file_129532411.png,orange
/bytariq/file_129532414.png,wow
/bytariq/file_129532418.png,memeapproved
/bytariq/file_129532420.png,"tocdai, longblonde"
/bytariq/file_129532422.png,"aolenden, blacksweater"
/bytariq/file_129532425.png,thanos
/bytariq/file_129532427.png,"hehe, nice, ngon, tradeoffer"
/bytariq/file_129532431.png,"brainless, matnao, khongconao"
/bytariq/file_129532433.png,"iloveyou, yeu"
/bytariq/file_129532436.png,"ech, frog"
/bytariq/file_129532438.png,"thieunang, retard"
/bytariq/file_129532440.png,"good, like, ngon, tot"
/bytariq/file_129532443.png,mountaindew
/bytariq/file_129532446.png,"bagia, oldlady, quangkhan, hood"
/bytariq/file_129532448.png,"tusat, suicide, sung, gun, meu, tears"
/bytariq/file_129532451.png,"thienchua, christian"
/bytariq/file_129532454.png,"thieunang, retard"
/bytariq/file_129532457.png,"tocduoisam, longhair, ponytail"
/bytariq/file_129532460.png,"nothanks, khong"
/bytariq/file_129532463.png,cheems
/bytariq/file_129532466.png,"swole, cobap"
/bytariq/file_129532469.png,"swole, cobap"
/bytariq/file_129532473.png,"trumchan, blanket"
/bytariq/file_129532476.png,"caigiday, whatisthis, caigi, what"
/bytariq/file_129532479.png,"hehe, smirk, nhechmep, cuoigianxao, grin"
/bytariq/file_129532482.png,"tucgian, angry, caumay, frown, khochiu, uncomfortable"
/bytariq/file_129532487.png,"cool, glass, bye"
/bytariq/file_129532489.png,hamburger
