/pepecollect/file_129532397.png,"buon, sad"
/pepecollect/file_129532404.png,"buon, sad, khoc, cry"
/pepecollect/file_129532410.png,"hihi, kkkk, kiki"
/pepecollect/file_129532416.png,"hihi, kkkk, kiki"
/pepecollect/file_129532424.png,"hihi, kkkk, kiki"
/pepecollect/file_129532435.png,"fuck, dm, ditme"
/pepecollect/file_129532556.png,ohyeah
/pepecollect/file_129532571.png,"buon, sad, pikachu"
/pepecollect/file_129532601.png,"trumchan, blanket"
/pepecollect/file_129532605.png,"what, worry, confused, lolang, caigi"
/pepecollect/file_129532611.png,"buffalo, trau, trigger, tucgian, angry"
/pepecollect/file_129532616.png,"gay, lgbt, rainbow"
/pepecollect/file_129532624.png,"quanlot, doiquan, panties"
/pepecollect/file_129532646.png,"buffalo, trau"
/pepecollect/file_129532667.png,"money, tien, giau, wealthy"
/pepecollect/file_129532672.png,"buon, sad"
/pepecollect/file_129532781.png,"aonguc, bra, khongthaygi, seenothing"
/pepecollect/file_129532787.png,"mlem, nice, ngon, slurp"
/pepecollect/file_129532844.png,"hungphan, phankhich, excited"
/pepecollect/file_129532912.png,"dauhang, surrender"
/pepecollect/file_129532954.png,"khongvui, notfun, khonghailong, unamused"
/pepecollect/file_129532955.png,oxygen
/pepecollect/file_129532957.png,"lolang, worry, mohoi, sweat"
