/thanlonvtp/file_128959169.png,"dungodo, xaolon"
/thanlonvtp/file_128959170.png,"ngu, tuai, stupid"
/thanlonvtp/file_128959171.png,"nhunhetkhoai, khoai, chudungvao"
/thanlonvtp/file_128959172.png,"ngaoda, ongcodang"
/thanlonvtp/file_128959173.png,"phatbieunhulon, phe, choido"
/thanlonvtp/file_128959174.png,"bodimalamnguoi"
/thanlonvtp/file_128959175.png,"liemsi"
/thanlonvtp/file_128959176.png,"phucchoconchau, songnhunay"
/thanlonvtp/file_128959177.png,"coythuc, ythuc"
/thanlonvtp/file_128959178.png,"buon, nhactoi"
/thanlonvtp/file_128959179.png,"haha, cuoisungsuong"
/thanlonvtp/file_128959180.png,"nhabao, nguhoc, phatbieungu"
/thanlonvtp/file_128959182.png,"keomom, momcho"
/thanlonvtp/file_128959183.png,"what, caigi, wtf, nani, clgt"
/thanlonvtp/file_128959184.png,"suco, tuhanh"
/thanlonvtp/file_128959185.png,"dothenaoduoc"
/thanlonvtp/file_128959186.png,"haha, cuoisungsuong"
/thanlonvtp/file_128959187.png,"nhuc"
/thanlonvtp/file_128959188.png,"deothecaiduoc, hoplyvailon"
/thanlonvtp/file_128959189.png,"choidi, solon"
/thanlonvtp/file_128959193.png,"solon"
/thanlonvtp/file_128959194.png,"hihi, hehe, cuoigianxao, pikachu"
/thanlonvtp/file_128959195.png,"nguthichet, khoccailon"
/thanlonvtp/file_128959196.png,"guinguoianhem"
/thanlonvtp/file_128959197.png,"chiatay"
/thanlonvtp/file_128959198.png,"congsan, communist"
/thanlonvtp/file_128959199.png,"tinhanhem, cochacbenlau"
/thanlonvtp/file_128959200.png,"ngheo, nghile, dilam"
/thanlonvtp/file_128959202.png,"nhuc, chetdi"
/thanlonvtp/file_128959205.png,"haha, cuoisungsuong, khunglong"
/thanlonvtp/file_128959207.png,"thoiimmedi, immedi, immom"
/thanlonvtp/file_128959209.png,"ngunhucho, stupid"
/thanlonvtp/file_128959212.png,"vibanngulon, ngulon, stupid"
/thanlonvtp/file_128959214.png,"daygaydi, saokhonggay, aloalo"
/thanlonvtp/file_128959217.png,"hihi, kkkk, kiki"
/thanlonvtp/file_128959219.png,"cakhia, cogivui"
/thanlonvtp/file_128959222.png,"khonthe, cho, dibangtay"
/thanlonvtp/file_128959224.png,"deobietnoigi, chiu, khongbietnoigi"
/thanlonvtp/file_128959226.png,"hoicham"
/thanlonvtp/file_128959229.png,"vacupmilon, maycotin"
/thanlonvtp/file_128959231.png,"colammoicoan"